location,date,age_group_min,age_group_max,people_vaccinated_per_hundred,people_fully_vaccinated_per_hundred,people_with_booster_per_hundred
Croatia,2021-01-01,18,24,0.01,0.0,0.0
Croatia,2021-01-01,25,49,0.03,0.0,0.0
Croatia,2021-01-01,50,59,0.05,0.0,0.0
Croatia,2021-01-01,60,69,0.03,0.0,0.0
Croatia,2021-01-01,70,79,0.09,0.0,0.0
Croatia,2021-01-01,80,,0.42,0.0,0.0
Croatia,2021-01-08,15,17,0.01,0.0,0.0
Croatia,2021-01-08,18,24,0.18,0.0,0.0
Croatia,2021-01-08,25,49,0.75,0.0,0.0
Croatia,2021-01-08,50,59,1.1,0.0,0.0
Croatia,2021-01-08,60,69,0.75,0.0,0.0
Croatia,2021-01-08,70,79,1.0,0.0,0.0
Croatia,2021-01-08,80,,3.36,0.0,0.0
Croatia,2021-01-15,15,17,0.01,0.0,0.0
Croatia,2021-01-15,18,24,0.3,0.0,0.0
Croatia,2021-01-15,25,49,1.23,0.01,0.0
Croatia,2021-01-15,5,9,0.0,0.0,0.0
Croatia,2021-01-15,50,59,1.88,0.01,0.0
Croatia,2021-01-15,60,69,1.29,0.01,0.0
Croatia,2021-01-15,70,79,1.56,0.02,0.0
Croatia,2021-01-15,80,,4.42,0.1,0.0
Croatia,2021-01-22,10,14,0.0,0.0,0.0
Croatia,2021-01-22,15,17,0.02,0.0,0.0
Croatia,2021-01-22,18,24,0.38,0.05,0.0
Croatia,2021-01-22,25,49,1.55,0.22,0.0
Croatia,2021-01-22,5,9,0.0,0.0,0.0
Croatia,2021-01-22,50,59,2.39,0.33,0.0
Croatia,2021-01-22,60,69,1.71,0.23,0.0
Croatia,2021-01-22,70,79,2.0,0.44,0.0
Croatia,2021-01-22,80,,5.21,1.8,0.0
Croatia,2021-01-29,10,14,0.0,0.0,0.0
Croatia,2021-01-29,15,17,0.02,0.0,0.0
Croatia,2021-01-29,18,24,0.39,0.14,0.0
Croatia,2021-01-29,25,49,1.6,0.62,0.0
Croatia,2021-01-29,5,9,0.0,0.0,0.0
Croatia,2021-01-29,50,59,2.45,0.92,0.0
Croatia,2021-01-29,60,69,1.77,0.63,0.0
Croatia,2021-01-29,70,79,2.08,0.83,0.0
Croatia,2021-01-29,80,,5.34,2.94,0.0
Croatia,2021-02-05,10,14,0.0,0.0,0.0
Croatia,2021-02-05,15,17,0.02,0.01,0.0
Croatia,2021-02-05,18,24,0.42,0.24,0.0
Croatia,2021-02-05,25,49,1.66,1.03,0.0
Croatia,2021-02-05,5,9,0.0,0.0,0.0
Croatia,2021-02-05,50,59,2.55,1.57,0.0
Croatia,2021-02-05,60,69,1.87,1.08,0.0
Croatia,2021-02-05,70,79,2.2,1.26,0.0
Croatia,2021-02-05,80,,5.49,3.83,0.0
Croatia,2021-02-12,10,14,0.0,0.0,0.0
Croatia,2021-02-12,15,17,0.03,0.02,0.0
Croatia,2021-02-12,18,24,0.48,0.34,0.0
Croatia,2021-02-12,25,49,1.87,1.44,0.0
Croatia,2021-02-12,5,9,0.0,0.0,0.0
Croatia,2021-02-12,50,59,2.94,2.2,0.0
Croatia,2021-02-12,60,69,2.45,1.56,0.0
Croatia,2021-02-12,70,79,3.12,1.75,0.0
Croatia,2021-02-12,80,,6.56,4.7,0.0
Croatia,2021-02-19,10,14,0.0,0.0,0.0
Croatia,2021-02-19,15,17,0.03,0.02,0.0
Croatia,2021-02-19,18,24,0.62,0.37,0.0
Croatia,2021-02-19,25,49,2.27,1.56,0.0
Croatia,2021-02-19,5,9,0.0,0.0,0.0
Croatia,2021-02-19,50,59,3.71,2.4,0.0
Croatia,2021-02-19,60,69,3.61,1.73,0.0
Croatia,2021-02-19,70,79,5.5,1.99,0.0
Croatia,2021-02-19,80,,11.57,5.06,0.0
Croatia,2021-02-26,10,14,0.0,0.0,0.0
Croatia,2021-02-26,15,17,0.05,0.02,0.0
Croatia,2021-02-26,18,24,0.72,0.39,0.0
Croatia,2021-02-26,25,49,2.61,1.61,0.0
Croatia,2021-02-26,5,9,0.0,0.0,0.0
Croatia,2021-02-26,50,59,4.44,2.47,0.0
Croatia,2021-02-26,60,69,5.4,1.81,0.0
Croatia,2021-02-26,70,79,10.62,2.1,0.0
Croatia,2021-02-26,80,,21.87,5.21,0.0
Croatia,2021-03-05,10,14,0.0,0.0,0.0
Croatia,2021-03-05,15,17,0.06,0.02,0.0
Croatia,2021-03-05,18,24,0.81,0.42,0.0
Croatia,2021-03-05,25,49,2.89,1.7,0.0
Croatia,2021-03-05,5,9,0.0,0.0,0.0
Croatia,2021-03-05,50,59,5.09,2.62,0.0
Croatia,2021-03-05,60,69,7.31,1.96,0.0
Croatia,2021-03-05,70,79,16.48,2.3,0.0
Croatia,2021-03-05,80,,28.06,5.53,0.0
Croatia,2021-03-12,10,14,0.0,0.0,0.0
Croatia,2021-03-12,15,17,0.07,0.03,0.0
Croatia,2021-03-12,18,24,1.03,0.5,0.0
Croatia,2021-03-12,25,49,3.2,1.91,0.0
Croatia,2021-03-12,5,9,0.0,0.0,0.0
Croatia,2021-03-12,50,59,5.84,2.96,0.0
Croatia,2021-03-12,60,69,9.59,2.32,0.0
Croatia,2021-03-12,70,79,22.43,2.85,0.0
Croatia,2021-03-12,80,,32.3,6.75,0.0
Croatia,2021-03-19,10,14,0.0,0.0,0.0
Croatia,2021-03-19,15,17,0.09,0.04,0.0
Croatia,2021-03-19,18,24,1.15,0.56,0.0
Croatia,2021-03-19,25,49,3.55,2.11,0.0
Croatia,2021-03-19,5,9,0.0,0.0,0.0
Croatia,2021-03-19,50,59,6.74,3.29,0.0
Croatia,2021-03-19,60,69,12.38,2.81,0.0
Croatia,2021-03-19,70,79,28.23,3.88,0.0
Croatia,2021-03-19,80,,34.96,8.47,0.0
Croatia,2021-03-26,10,14,0.0,0.0,0.0
Croatia,2021-03-26,15,17,0.1,0.04,0.0
Croatia,2021-03-26,18,24,1.3,0.59,0.0
Croatia,2021-03-26,25,49,3.95,2.21,0.0
Croatia,2021-03-26,5,9,0.0,0.0,0.0
Croatia,2021-03-26,50,59,7.79,3.48,0.0
Croatia,2021-03-26,60,69,15.54,3.15,0.0
Croatia,2021-03-26,70,79,33.61,4.59,0.0
Croatia,2021-03-26,80,,37.27,9.57,0.0
Croatia,2021-04-02,10,14,0.0,0.0,0.0
Croatia,2021-04-02,15,17,0.11,0.04,0.0
Croatia,2021-04-02,18,24,1.49,0.63,0.0
Croatia,2021-04-02,25,49,4.35,2.33,0.0
Croatia,2021-04-02,5,9,0.0,0.0,0.0
Croatia,2021-04-02,50,59,8.89,3.7,0.0
Croatia,2021-04-02,60,69,19.08,3.59,0.0
Croatia,2021-04-02,70,79,38.73,5.75,0.0
Croatia,2021-04-02,80,,39.38,11.25,0.0
Croatia,2021-04-09,10,14,0.0,0.0,0.0
Croatia,2021-04-09,15,17,0.12,0.04,0.0
Croatia,2021-04-09,18,24,1.63,0.68,0.0
Croatia,2021-04-09,25,49,4.87,2.46,0.0
Croatia,2021-04-09,5,9,0.0,0.0,0.0
Croatia,2021-04-09,50,59,10.41,3.93,0.0
Croatia,2021-04-09,60,69,23.03,4.13,0.0
Croatia,2021-04-09,70,79,42.6,7.24,0.0
Croatia,2021-04-09,80,,40.79,12.87,0.0
Croatia,2021-04-16,10,14,0.01,0.0,0.0
Croatia,2021-04-16,15,17,0.13,0.06,0.0
Croatia,2021-04-16,18,24,1.96,0.76,0.0
Croatia,2021-04-16,25,49,5.85,2.7,0.0
Croatia,2021-04-16,5,9,0.0,0.0,0.0
Croatia,2021-04-16,50,59,12.87,4.47,0.0
Croatia,2021-04-16,60,69,28.61,5.55,0.0
Croatia,2021-04-16,70,79,46.86,10.81,0.0
Croatia,2021-04-16,80,,42.57,16.52,0.0
Croatia,2021-04-23,10,14,0.01,0.0,0.0
Croatia,2021-04-23,15,17,0.16,0.07,0.0
Croatia,2021-04-23,18,24,2.56,0.84,0.0
Croatia,2021-04-23,25,49,6.82,2.94,0.0
Croatia,2021-04-23,5,9,0.0,0.0,0.0
Croatia,2021-04-23,50,59,15.13,5.02,0.0
Croatia,2021-04-23,60,69,33.16,7.13,0.0
Croatia,2021-04-23,70,79,51.09,14.1,0.0
Croatia,2021-04-23,80,,44.36,19.02,0.0
Croatia,2021-04-30,10,14,0.01,0.0,0.0
Croatia,2021-04-30,15,17,0.18,0.09,0.0
Croatia,2021-04-30,18,24,3.03,0.96,0.0
Croatia,2021-04-30,25,49,8.5,3.25,0.0
Croatia,2021-04-30,5,9,0.0,0.0,0.0
Croatia,2021-04-30,50,59,18.53,5.73,0.0
Croatia,2021-04-30,60,69,37.81,9.17,0.0
Croatia,2021-04-30,70,79,54.58,17.87,0.0
Croatia,2021-04-30,80,,46.01,21.85,0.0
Croatia,2021-05-07,10,14,0.01,0.0,0.0
Croatia,2021-05-07,15,17,0.27,0.1,0.0
Croatia,2021-05-07,18,24,4.39,1.24,0.0
Croatia,2021-05-07,25,49,12.97,3.78,0.0
Croatia,2021-05-07,5,9,0.0,0.0,0.0
Croatia,2021-05-07,50,59,26.52,6.93,0.0
Croatia,2021-05-07,60,69,46.02,12.27,0.0
Croatia,2021-05-07,70,79,59.45,23.64,0.0
Croatia,2021-05-07,80,,48.41,26.64,0.0
Croatia,2021-05-14,10,14,0.02,0.0,0.0
Croatia,2021-05-14,15,17,0.44,0.11,0.0
Croatia,2021-05-14,18,24,6.88,1.42,0.0
Croatia,2021-05-14,25,49,18.72,4.36,0.0
Croatia,2021-05-14,5,9,0.0,0.0,0.0
Croatia,2021-05-14,50,59,34.24,8.27,0.0
Croatia,2021-05-14,60,69,52.16,15.84,0.0
Croatia,2021-05-14,70,79,63.09,29.6,0.0
Croatia,2021-05-14,80,,50.5,31.92,0.0
Croatia,2021-05-21,10,14,0.02,0.0,0.0
Croatia,2021-05-21,15,17,0.64,0.13,0.0
Croatia,2021-05-21,18,24,9.85,1.71,0.0
Croatia,2021-05-21,25,49,23.85,5.08,0.0
Croatia,2021-05-21,5,9,0.01,0.0,0.0
Croatia,2021-05-21,50,59,40.53,9.91,0.0
Croatia,2021-05-21,60,69,56.5,19.57,0.0
Croatia,2021-05-21,70,79,65.64,35.2,0.0
Croatia,2021-05-21,80,,51.96,36.92,0.0
Croatia,2021-05-28,10,14,0.03,0.01,0.0
Croatia,2021-05-28,15,17,0.97,0.15,0.0
Croatia,2021-05-28,18,24,12.49,2.15,0.0
Croatia,2021-05-28,25,49,27.37,6.29,0.0
Croatia,2021-05-28,5,9,0.01,0.0,0.0
Croatia,2021-05-28,50,59,44.23,12.59,0.0
Croatia,2021-05-28,60,69,59.26,24.88,0.0
Croatia,2021-05-28,70,79,67.43,41.75,0.0
Croatia,2021-05-28,80,,53.0,40.38,0.0
Croatia,2021-06-04,10,14,0.04,0.01,0.0
Croatia,2021-06-04,15,17,1.3,0.18,0.0
Croatia,2021-06-04,18,24,14.33,2.87,0.0
Croatia,2021-06-04,25,49,29.52,7.64,0.0
Croatia,2021-06-04,5,9,0.01,0.0,0.0
Croatia,2021-06-04,50,59,46.26,15.27,0.0
Croatia,2021-06-04,60,69,60.8,29.3,0.0
Croatia,2021-06-04,70,79,68.47,46.3,0.0
Croatia,2021-06-04,80,,53.63,42.58,0.0
Croatia,2021-06-11,10,14,0.1,0.01,0.0
Croatia,2021-06-11,15,17,1.99,0.25,0.0
Croatia,2021-06-11,18,24,17.01,4.23,0.0
Croatia,2021-06-11,25,49,31.53,11.18,0.0
Croatia,2021-06-11,5,9,0.01,0.0,0.0
Croatia,2021-06-11,50,59,48.26,21.22,0.0
Croatia,2021-06-11,60,69,62.29,36.7,0.0
Croatia,2021-06-11,70,79,69.44,52.27,0.0
Croatia,2021-06-11,80,,54.26,45.28,0.0
Croatia,2021-06-18,10,14,0.17,0.02,0.0
Croatia,2021-06-18,15,17,2.43,0.38,0.0
Croatia,2021-06-18,18,24,18.13,6.1,0.0
Croatia,2021-06-18,25,49,32.66,15.86,0.0
Croatia,2021-06-18,5,9,0.01,0.01,0.0
Croatia,2021-06-18,50,59,49.43,28.65,0.0
Croatia,2021-06-18,60,69,63.2,44.23,0.0
Croatia,2021-06-18,70,79,70.09,57.53,0.0
Croatia,2021-06-18,80,,54.65,47.77,0.0
Croatia,2021-06-25,10,14,0.24,0.02,0.0
Croatia,2021-06-25,15,17,2.86,0.58,0.0
Croatia,2021-06-25,18,24,18.96,8.19,0.0
Croatia,2021-06-25,25,49,33.4,19.8,0.0
Croatia,2021-06-25,5,9,0.01,0.01,0.0
Croatia,2021-06-25,50,59,50.22,34.08,0.0
Croatia,2021-06-25,60,69,63.8,49.25,0.0
Croatia,2021-06-25,70,79,70.51,60.78,0.0
Croatia,2021-06-25,80,,54.91,49.42,0.0
Croatia,2021-07-02,10,14,0.31,0.03,0.0
Croatia,2021-07-02,15,17,3.37,0.86,0.0
Croatia,2021-07-02,18,24,20.1,10.87,0.0
Croatia,2021-07-02,25,49,34.47,24.14,0.0
Croatia,2021-07-02,5,9,0.01,0.01,0.0
Croatia,2021-07-02,50,59,51.36,39.65,0.0
Croatia,2021-07-02,60,69,64.72,54.19,0.0
Croatia,2021-07-02,70,79,71.17,63.98,0.0
Croatia,2021-07-02,80,,55.3,50.94,0.0
Croatia,2021-07-09,10,14,0.38,0.07,0.0
Croatia,2021-07-09,15,17,3.98,1.31,0.0
Croatia,2021-07-09,18,24,21.75,13.72,0.0
Croatia,2021-07-09,25,49,35.96,27.47,0.0
Croatia,2021-07-09,5,9,0.01,0.01,0.0
Croatia,2021-07-09,50,59,52.85,43.45,0.0
Croatia,2021-07-09,60,69,65.82,57.83,0.0
Croatia,2021-07-09,70,79,71.86,66.14,0.0
Croatia,2021-07-09,80,,55.76,52.03,0.0
Croatia,2021-07-16,10,14,0.45,0.13,0.0
Croatia,2021-07-16,15,17,4.47,1.76,0.0
Croatia,2021-07-16,18,24,23.11,15.75,0.0
Croatia,2021-07-16,25,49,37.16,29.81,0.0
Croatia,2021-07-16,5,9,0.01,0.01,0.0
Croatia,2021-07-16,50,59,54.03,45.78,0.0
Croatia,2021-07-16,60,69,66.65,59.66,0.0
Croatia,2021-07-16,70,79,72.4,67.32,0.0
Croatia,2021-07-16,80,,56.12,52.73,0.0
Croatia,2021-07-23,10,14,0.49,0.2,0.0
Croatia,2021-07-23,15,17,4.92,2.54,0.0
Croatia,2021-07-23,18,24,24.32,18.12,0.0
Croatia,2021-07-23,25,49,38.21,32.11,0.0
Croatia,2021-07-23,5,9,0.01,0.01,0.0
Croatia,2021-07-23,50,59,55.04,48.21,0.0
Croatia,2021-07-23,60,69,67.36,61.64,0.0
Croatia,2021-07-23,70,79,72.88,68.61,0.0
Croatia,2021-07-23,80,,56.47,53.45,0.0
Croatia,2021-07-30,10,14,0.53,0.28,0.0
Croatia,2021-07-30,15,17,5.29,3.1,0.0
Croatia,2021-07-30,18,24,25.36,19.8,0.0
Croatia,2021-07-30,25,49,39.11,33.81,0.0
Croatia,2021-07-30,5,9,0.01,0.01,0.0
Croatia,2021-07-30,50,59,55.84,50.2,0.0
Croatia,2021-07-30,60,69,67.92,63.24,0.0
Croatia,2021-07-30,70,79,73.24,69.62,0.0
Croatia,2021-07-30,80,,56.76,54.06,0.0
Croatia,2021-08-06,10,14,0.56,0.32,0.0
Croatia,2021-08-06,15,17,5.56,3.47,0.0
Croatia,2021-08-06,18,24,25.99,20.87,0.0
Croatia,2021-08-06,25,49,39.67,34.88,0.0
Croatia,2021-08-06,5,9,0.01,0.01,0.0
Croatia,2021-08-06,50,59,56.33,51.4,0.0
Croatia,2021-08-06,60,69,68.27,64.18,0.0
Croatia,2021-08-06,70,79,73.47,70.23,0.0
Croatia,2021-08-06,80,,56.94,54.47,0.0
Croatia,2021-08-13,10,14,0.59,0.38,0.0
Croatia,2021-08-13,15,17,5.8,3.92,0.0
Croatia,2021-08-13,18,24,26.58,22.03,0.0
Croatia,2021-08-13,25,49,40.22,35.94,0.0
Croatia,2021-08-13,5,9,0.01,0.01,0.0
Croatia,2021-08-13,50,59,56.78,52.46,0.0
Croatia,2021-08-13,60,69,68.61,64.98,0.0
Croatia,2021-08-13,70,79,73.68,70.78,0.0
Croatia,2021-08-13,80,,57.09,54.81,0.0
Croatia,2021-08-20,10,14,0.64,0.43,0.0
Croatia,2021-08-20,15,17,6.09,4.36,0.0
Croatia,2021-08-20,18,24,27.25,23.15,0.0
Croatia,2021-08-20,25,49,40.84,36.94,0.0
Croatia,2021-08-20,5,9,0.01,0.01,0.0
Croatia,2021-08-20,50,59,57.35,53.42,0.0
Croatia,2021-08-20,60,69,69.01,65.69,0.0
Croatia,2021-08-20,70,79,73.93,71.25,0.0
Croatia,2021-08-20,80,,57.26,55.15,0.0
Croatia,2021-08-27,10,14,0.71,0.49,0.0
Croatia,2021-08-27,15,17,6.46,4.78,0.0
Croatia,2021-08-27,18,24,28.03,24.26,0.0
Croatia,2021-08-27,25,49,41.61,37.91,0.0
Croatia,2021-08-27,5,9,0.01,0.01,0.0
Croatia,2021-08-27,50,59,58.01,54.27,0.0
Croatia,2021-08-27,60,69,69.48,66.34,0.0
Croatia,2021-08-27,70,79,74.24,71.7,0.0
Croatia,2021-08-27,80,,57.5,55.45,0.0
Croatia,2021-09-03,10,14,0.79,0.52,0.0
Croatia,2021-09-03,15,17,6.92,5.13,0.0
Croatia,2021-09-03,18,24,28.8,25.11,0.0
Croatia,2021-09-03,25,49,42.34,38.68,0.0
Croatia,2021-09-03,5,9,0.01,0.01,0.0
Croatia,2021-09-03,50,59,58.65,54.96,0.0
Croatia,2021-09-03,60,69,69.94,66.85,0.01
Croatia,2021-09-03,70,79,74.58,72.05,0.0
Croatia,2021-09-03,80,,57.74,55.7,0.0
Croatia,2021-09-10,10,14,0.85,0.56,0.0
Croatia,2021-09-10,15,17,7.23,5.38,0.0
Croatia,2021-09-10,18,24,29.46,25.83,0.0
Croatia,2021-09-10,25,49,42.95,39.36,0.01
Croatia,2021-09-10,5,9,0.01,0.01,0.0
Croatia,2021-09-10,50,59,59.19,55.53,0.01
Croatia,2021-09-10,60,69,70.36,67.27,0.01
Croatia,2021-09-10,70,79,74.86,72.35,0.01
Croatia,2021-09-10,80,,57.97,55.91,0.0
Croatia,2021-09-17,10,14,0.92,0.6,0.0
Croatia,2021-09-17,15,17,7.7,5.67,0.0
Croatia,2021-09-17,18,24,30.27,26.63,0.0
Croatia,2021-09-17,25,49,43.74,40.09,0.01
Croatia,2021-09-17,5,9,0.01,0.01,0.0
Croatia,2021-09-17,50,59,59.88,56.18,0.01
Croatia,2021-09-17,60,69,70.87,67.76,0.01
Croatia,2021-09-17,70,79,75.21,72.68,0.01
Croatia,2021-09-17,80,,58.23,56.16,0.0
Croatia,2021-09-24,10,14,0.99,0.65,0.0
Croatia,2021-09-24,15,17,8.14,5.99,0.0
Croatia,2021-09-24,18,24,31.23,27.5,0.0
Croatia,2021-09-24,25,49,44.51,40.86,0.01
Croatia,2021-09-24,5,9,0.01,0.01,0.0
Croatia,2021-09-24,50,59,60.53,56.87,0.01
Croatia,2021-09-24,60,69,71.35,68.27,0.01
Croatia,2021-09-24,70,79,75.57,73.04,0.01
Croatia,2021-09-24,80,,58.53,56.44,0.01
Croatia,2021-10-01,10,14,1.08,0.7,0.0
Croatia,2021-10-01,15,17,8.62,6.34,0.0
Croatia,2021-10-01,18,24,32.24,28.3,0.0
Croatia,2021-10-01,25,49,45.3,41.59,0.01
Croatia,2021-10-01,5,9,0.01,0.01,0.0
Croatia,2021-10-01,50,59,61.18,57.53,0.01
Croatia,2021-10-01,60,69,71.82,68.74,0.02
Croatia,2021-10-01,70,79,75.9,73.37,0.02
Croatia,2021-10-01,80,,58.83,56.7,0.01
Croatia,2021-10-08,10,14,1.17,0.76,0.0
Croatia,2021-10-08,15,17,9.13,6.72,0.0
Croatia,2021-10-08,18,24,33.18,28.99,0.0
Croatia,2021-10-08,25,49,46.08,42.31,0.01
Croatia,2021-10-08,5,9,0.01,0.01,0.0
Croatia,2021-10-08,50,59,61.8,58.12,0.02
Croatia,2021-10-08,60,69,72.24,69.18,0.02
Croatia,2021-10-08,70,79,76.22,73.7,0.02
Croatia,2021-10-08,80,,59.13,56.97,0.01
Croatia,2021-10-15,10,14,1.25,0.83,0.0
Croatia,2021-10-15,15,17,9.57,7.1,0.0
Croatia,2021-10-15,18,24,33.78,29.65,0.01
Croatia,2021-10-15,25,49,46.66,42.95,0.03
Croatia,2021-10-15,5,9,0.01,0.01,0.0
Croatia,2021-10-15,50,59,62.23,58.66,0.04
Croatia,2021-10-15,60,69,72.56,69.61,0.06
Croatia,2021-10-15,70,79,76.44,74.03,0.08
Croatia,2021-10-15,80,,59.37,57.21,0.06
Croatia,2021-10-22,10,14,1.35,0.9,0.0
Croatia,2021-10-22,15,17,10.07,7.49,0.0
Croatia,2021-10-22,18,24,34.35,30.35,0.02
Croatia,2021-10-22,25,49,47.21,43.58,0.12
Croatia,2021-10-22,5,9,0.01,0.01,0.0
Croatia,2021-10-22,50,59,62.68,59.2,0.26
Croatia,2021-10-22,60,69,72.86,70.02,0.32
Croatia,2021-10-22,70,79,76.65,74.35,0.53
Croatia,2021-10-22,80,,59.55,57.49,0.63
Croatia,2021-10-29,10,14,1.5,0.96,0.0
Croatia,2021-10-29,15,17,10.73,7.97,0.0
Croatia,2021-10-29,18,24,35.21,31.29,0.06
Croatia,2021-10-29,25,49,48.1,44.39,0.37
Croatia,2021-10-29,5,9,0.01,0.01,0.0
Croatia,2021-10-29,50,59,63.38,59.88,0.73
Croatia,2021-10-29,60,69,73.32,70.51,1.0
Croatia,2021-10-29,70,79,76.96,74.72,1.73
Croatia,2021-10-29,80,,59.81,57.8,2.32
Croatia,2021-11-05,10,14,1.87,1.05,0.0
Croatia,2021-11-05,15,17,12.21,8.48,0.01
Croatia,2021-11-05,18,24,36.55,32.2,0.09
Croatia,2021-11-05,25,49,49.61,45.22,0.64
Croatia,2021-11-05,5,9,0.02,0.01,0.0
Croatia,2021-11-05,50,59,64.53,60.55,1.31
Croatia,2021-11-05,60,69,74.18,70.99,1.94
Croatia,2021-11-05,70,79,77.53,75.06,3.5
Croatia,2021-11-05,80,,60.27,58.06,4.35
Croatia,2021-11-12,10,14,2.33,1.14,0.0
Croatia,2021-11-12,15,17,14.49,8.96,0.02
Croatia,2021-11-12,18,24,39.93,33.48,0.16
Croatia,2021-11-12,25,49,53.31,46.58,1.05
Croatia,2021-11-12,5,9,0.02,0.02,0.0
Croatia,2021-11-12,50,59,67.57,61.69,2.25
Croatia,2021-11-12,60,69,76.18,71.7,3.93
Croatia,2021-11-12,70,79,78.93,75.55,7.45
Croatia,2021-11-12,80,,61.4,58.43,8.13
Croatia,2021-11-19,10,14,2.64,1.23,0.0
Croatia,2021-11-19,15,17,16.15,9.44,0.02
Croatia,2021-11-19,18,24,42.83,34.71,0.22
Croatia,2021-11-19,25,49,56.05,47.84,1.34
Croatia,2021-11-19,5,9,0.02,0.02,0.0
Croatia,2021-11-19,50,59,69.79,62.72,2.95
Croatia,2021-11-19,60,69,77.69,72.35,5.78
Croatia,2021-11-19,70,79,80.05,76.01,11.34
Croatia,2021-11-19,80,,62.36,58.82,11.73
Croatia,2021-11-26,10,14,2.85,1.42,0.0
Croatia,2021-11-26,15,17,17.16,10.28,0.03
Croatia,2021-11-26,18,24,44.47,35.87,0.29
Croatia,2021-11-26,25,49,57.55,49.0,1.67
Croatia,2021-11-26,5,9,0.02,0.02,0.0
Croatia,2021-11-26,50,59,71.1,63.69,3.84
Croatia,2021-11-26,60,69,78.74,73.1,8.42
Croatia,2021-11-26,70,79,80.96,76.55,16.58
Croatia,2021-11-26,80,,63.2,59.27,16.08
Croatia,2021-12-03,10,14,3.04,1.7,0.0
Croatia,2021-12-03,15,17,17.99,11.66,0.04
Croatia,2021-12-03,18,24,45.52,37.51,0.39
Croatia,2021-12-03,25,49,58.39,50.63,2.09
Croatia,2021-12-03,5,9,0.03,0.02,0.0
Croatia,2021-12-03,50,59,71.75,65.1,5.0
Croatia,2021-12-03,60,69,79.32,74.17,11.47
Croatia,2021-12-03,70,79,81.52,77.36,22.03
Croatia,2021-12-03,80,,63.83,59.94,20.17
Croatia,2021-12-10,10,14,3.17,2.02,0.0
Croatia,2021-12-10,15,17,18.61,13.19,0.05
Croatia,2021-12-10,18,24,46.27,39.52,0.56
Croatia,2021-12-10,25,49,58.94,52.6,2.65
Croatia,2021-12-10,5,9,0.03,0.02,0.0
Croatia,2021-12-10,50,59,72.17,66.78,6.52
Croatia,2021-12-10,60,69,79.69,75.45,14.99
Croatia,2021-12-10,70,79,81.86,78.34,27.32
Croatia,2021-12-10,80,,64.22,60.76,23.77
Croatia,2021-12-17,10,14,3.31,2.28,0.0
Croatia,2021-12-17,15,17,19.01,14.63,0.08
Croatia,2021-12-17,18,24,46.77,41.27,0.92
Croatia,2021-12-17,25,49,59.31,54.25,3.87
Croatia,2021-12-17,5,9,0.07,0.02,0.0
Croatia,2021-12-17,50,59,72.46,68.23,9.6
Croatia,2021-12-17,60,69,79.96,76.59,20.75
Croatia,2021-12-17,70,79,82.1,79.28,34.03
Croatia,2021-12-17,80,,64.5,61.57,27.85
Croatia,2021-12-24,10,14,3.41,2.44,0.01
Croatia,2021-12-24,15,17,19.21,15.37,0.12
Croatia,2021-12-24,18,24,47.03,42.25,1.33
Croatia,2021-12-24,25,49,59.5,55.06,4.81
Croatia,2021-12-24,5,9,0.1,0.02,0.0
Croatia,2021-12-24,50,59,72.6,68.9,11.63
Croatia,2021-12-24,60,69,80.07,77.13,23.99
Croatia,2021-12-24,70,79,82.21,79.75,37.38
Croatia,2021-12-24,80,,64.64,62.04,29.92
Croatia,2021-12-31,10,14,3.53,2.59,0.01
Croatia,2021-12-31,15,17,19.45,16.0,0.17
Croatia,2021-12-31,18,24,47.26,43.0,1.84
Croatia,2021-12-31,25,49,59.69,55.75,5.84
Croatia,2021-12-31,5,9,0.15,0.03,0.0
Croatia,2021-12-31,50,59,72.74,69.47,13.65
Croatia,2021-12-31,60,69,80.18,77.6,26.79
Croatia,2021-12-31,70,79,82.29,80.15,39.97
Croatia,2021-12-31,80,,64.74,62.43,31.46
Croatia,2022-01-07,10,14,3.71,2.74,0.01
Croatia,2022-01-07,15,17,19.85,16.65,0.23
Croatia,2022-01-07,18,24,47.56,43.69,2.45
Croatia,2022-01-07,25,49,59.93,56.38,7.3
Croatia,2022-01-07,5,9,0.19,0.04,0.0
Croatia,2022-01-07,50,59,72.9,69.98,16.62
Croatia,2022-01-07,60,69,80.32,78.02,30.71
Croatia,2022-01-07,70,79,82.39,80.5,43.33
Croatia,2022-01-07,80,,64.85,62.78,33.34
Croatia,2022-01-14,10,14,3.89,2.87,0.02
Croatia,2022-01-14,15,17,20.25,17.2,0.34
Croatia,2022-01-14,18,24,47.95,44.37,3.16
Croatia,2022-01-14,25,49,60.24,56.97,9.32
Croatia,2022-01-14,5,9,0.27,0.05,0.0
Croatia,2022-01-14,50,59,73.13,70.47,20.4
Croatia,2022-01-14,60,69,80.51,78.45,35.66
Croatia,2022-01-14,70,79,82.54,80.86,47.46
Croatia,2022-01-14,80,,65.04,63.18,35.95
Croatia,2022-01-21,10,14,4.01,2.96,0.02
Croatia,2022-01-21,15,17,20.52,17.5,0.41
Croatia,2022-01-21,18,24,48.23,44.78,3.67
Croatia,2022-01-21,25,49,60.46,57.32,10.68
Croatia,2022-01-21,5,9,0.3,0.06,0.0
Croatia,2022-01-21,50,59,73.28,70.74,22.77
Croatia,2022-01-21,60,69,80.65,78.68,38.51
Croatia,2022-01-21,70,79,82.64,81.07,49.97
Croatia,2022-01-21,80,,65.19,63.42,37.77
Croatia,2022-01-28,10,14,4.11,3.05,0.03
Croatia,2022-01-28,15,17,20.76,17.79,0.47
Croatia,2022-01-28,18,24,48.42,45.06,4.05
Croatia,2022-01-28,25,49,60.61,57.56,11.48
Croatia,2022-01-28,5,9,0.33,0.08,0.0
Croatia,2022-01-28,50,59,73.37,70.9,24.13
Croatia,2022-01-28,60,69,80.72,78.82,39.99
Croatia,2022-01-28,70,79,82.7,81.18,51.3
Croatia,2022-01-28,80,,65.27,63.55,38.77
Croatia,2022-02-04,10,14,4.17,3.14,0.03
Croatia,2022-02-04,15,17,20.91,18.06,0.51
Croatia,2022-02-04,18,24,48.58,45.32,4.35
Croatia,2022-02-04,25,49,60.73,57.75,12.01
Croatia,2022-02-04,5,9,0.35,0.1,0.0
Croatia,2022-02-04,50,59,73.43,71.06,25.01
Croatia,2022-02-04,60,69,80.78,78.96,41.0
Croatia,2022-02-04,70,79,82.75,81.28,52.23
Croatia,2022-02-04,80,,65.34,63.69,39.5
Croatia,2022-02-11,10,14,4.23,3.26,0.04
Croatia,2022-02-11,15,17,21.04,18.35,0.54
Croatia,2022-02-11,18,24,48.71,45.57,4.59
Croatia,2022-02-11,25,49,60.82,57.94,12.38
Croatia,2022-02-11,5,9,0.37,0.14,0.0
Croatia,2022-02-11,50,59,73.49,71.2,25.61
Croatia,2022-02-11,60,69,80.81,79.09,41.69
Croatia,2022-02-11,70,79,82.78,81.38,52.87
Croatia,2022-02-11,80,,65.39,63.81,40.01
Croatia,2022-02-18,10,14,4.27,3.35,0.04
Croatia,2022-02-18,15,17,21.15,18.6,0.57
Croatia,2022-02-18,18,24,48.8,45.77,4.83
Croatia,2022-02-18,25,49,60.9,58.11,12.68
Croatia,2022-02-18,5,9,0.39,0.17,0.0
Croatia,2022-02-18,50,59,73.53,71.32,26.05
Croatia,2022-02-18,60,69,80.84,79.18,42.15
Croatia,2022-02-18,70,79,82.81,81.47,53.33
Croatia,2022-02-18,80,,65.44,63.93,40.4
Croatia,2022-02-25,10,14,4.29,3.43,0.04
Croatia,2022-02-25,15,17,21.22,18.81,0.6
Croatia,2022-02-25,18,24,48.87,45.93,5.01
Croatia,2022-02-25,25,49,60.96,58.23,12.86
Croatia,2022-02-25,5,9,0.39,0.2,0.0
Croatia,2022-02-25,50,59,73.56,71.4,26.28
Croatia,2022-02-25,60,69,80.85,79.26,42.43
Croatia,2022-02-25,70,79,82.82,81.53,53.59
Croatia,2022-02-25,80,,65.47,64.01,40.65
Croatia,2022-03-04,10,14,4.31,3.49,0.04
Croatia,2022-03-04,15,17,21.25,18.93,0.61
Croatia,2022-03-04,18,24,48.91,46.05,5.1
Croatia,2022-03-04,25,49,60.99,58.3,12.98
Croatia,2022-03-04,5,9,0.4,0.22,0.0
Croatia,2022-03-04,50,59,73.57,71.45,26.42
Croatia,2022-03-04,60,69,80.86,79.3,42.58
Croatia,2022-03-04,70,79,82.83,81.56,53.74
Croatia,2022-03-04,80,,65.49,64.07,40.8
Croatia,2022-03-11,10,14,4.32,3.55,0.04
Croatia,2022-03-11,15,17,21.29,19.05,0.62
Croatia,2022-03-11,18,24,48.95,46.14,5.18
Croatia,2022-03-11,25,49,61.02,58.36,13.1
Croatia,2022-03-11,5,9,0.4,0.24,0.0
Croatia,2022-03-11,50,59,73.58,71.48,26.56
Croatia,2022-03-11,60,69,80.87,79.34,42.72
Croatia,2022-03-11,70,79,82.84,81.59,53.87
Croatia,2022-03-11,80,,65.51,64.11,40.91
Croatia,2022-03-18,10,14,4.33,3.61,0.05
Croatia,2022-03-18,15,17,21.33,19.15,0.63
Croatia,2022-03-18,18,24,48.98,46.2,5.25
Croatia,2022-03-18,25,49,61.04,58.41,13.22
Croatia,2022-03-18,5,9,0.4,0.26,0.0
Croatia,2022-03-18,50,59,73.59,71.51,26.72
Croatia,2022-03-18,60,69,80.88,79.36,42.87
Croatia,2022-03-18,70,79,82.85,81.6,54.0
Croatia,2022-03-18,80,,65.52,64.15,41.04
Croatia,2022-03-25,10,14,4.34,3.64,0.05
Croatia,2022-03-25,15,17,21.37,19.2,0.65
Croatia,2022-03-25,18,24,49.01,46.25,5.33
Croatia,2022-03-25,25,49,61.06,58.44,13.34
Croatia,2022-03-25,5,9,0.4,0.27,0.0
Croatia,2022-03-25,50,59,73.61,71.53,26.86
Croatia,2022-03-25,60,69,80.89,79.37,42.99
Croatia,2022-03-25,70,79,82.86,81.62,54.11
Croatia,2022-03-25,80,,65.53,64.18,41.13
Croatia,2022-04-01,10,14,4.35,3.67,0.05
Croatia,2022-04-01,15,17,21.39,19.26,0.67
Croatia,2022-04-01,18,24,49.03,46.29,5.4
Croatia,2022-04-01,25,49,61.08,58.47,13.46
Croatia,2022-04-01,5,9,0.4,0.28,0.0
Croatia,2022-04-01,50,59,73.61,71.54,27.0
Croatia,2022-04-01,60,69,80.89,79.39,43.1
Croatia,2022-04-01,70,79,82.86,81.63,54.2
Croatia,2022-04-01,80,,65.54,64.19,41.21
Croatia,2022-04-08,10,14,4.36,3.69,0.05
Croatia,2022-04-08,15,17,21.41,19.29,0.68
Croatia,2022-04-08,18,24,49.07,46.32,5.49
Croatia,2022-04-08,25,49,61.1,58.5,13.59
Croatia,2022-04-08,5,9,0.41,0.29,0.0
Croatia,2022-04-08,50,59,73.62,71.56,27.14
Croatia,2022-04-08,60,69,80.9,79.4,43.23
Croatia,2022-04-08,70,79,82.87,81.65,54.31
Croatia,2022-04-08,80,,65.54,64.21,41.3
Croatia,2022-04-15,10,14,4.36,3.7,0.05
Croatia,2022-04-15,15,17,21.43,19.33,0.69
Croatia,2022-04-15,18,24,49.08,46.35,5.54
Croatia,2022-04-15,25,49,61.11,58.52,13.65
Croatia,2022-04-15,5,9,0.41,0.29,0.0
Croatia,2022-04-15,50,59,73.63,71.58,27.21
Croatia,2022-04-15,60,69,80.9,79.41,43.29
Croatia,2022-04-15,70,79,82.87,81.65,54.37
Croatia,2022-04-15,80,,65.55,64.22,41.36
Croatia,2022-04-22,10,14,4.37,3.71,0.05
Croatia,2022-04-22,15,17,21.45,19.36,0.7
Croatia,2022-04-22,18,24,49.09,46.37,5.59
Croatia,2022-04-22,25,49,61.12,58.54,13.73
Croatia,2022-04-22,5,9,0.41,0.3,0.0
Croatia,2022-04-22,50,59,73.63,71.59,27.28
Croatia,2022-04-22,60,69,80.91,79.41,43.35
Croatia,2022-04-22,70,79,82.87,81.66,54.42
Croatia,2022-04-22,80,,65.55,64.23,41.43
Croatia,2022-04-29,10,14,4.37,3.72,0.05
Croatia,2022-04-29,15,17,21.46,19.38,0.72
Croatia,2022-04-29,18,24,49.11,46.39,5.65
Croatia,2022-04-29,25,49,61.13,58.55,13.8
Croatia,2022-04-29,5,9,0.41,0.3,0.0
Croatia,2022-04-29,50,59,73.64,71.6,27.36
Croatia,2022-04-29,60,69,80.91,79.42,43.42
Croatia,2022-04-29,70,79,82.88,81.66,54.48
Croatia,2022-04-29,80,,65.55,64.24,41.52
Croatia,2022-05-06,10,14,4.38,3.73,0.06
Croatia,2022-05-06,15,17,21.47,19.41,0.72
Croatia,2022-05-06,18,24,49.13,46.41,5.69
Croatia,2022-05-06,25,49,61.15,58.57,13.86
Croatia,2022-05-06,5,9,0.41,0.3,0.0
Croatia,2022-05-06,50,59,73.65,71.61,27.4
Croatia,2022-05-06,60,69,80.91,79.43,43.47
Croatia,2022-05-06,70,79,82.88,81.67,54.54
Croatia,2022-05-06,80,,65.56,64.25,41.61
Croatia,2022-05-13,10,14,4.38,3.73,0.06
Croatia,2022-05-13,15,17,21.48,19.43,0.73
Croatia,2022-05-13,18,24,49.14,46.43,5.73
Croatia,2022-05-13,25,49,61.16,58.59,13.91
Croatia,2022-05-13,5,9,0.41,0.31,0.0
Croatia,2022-05-13,50,59,73.65,71.62,27.45
Croatia,2022-05-13,60,69,80.92,79.43,43.51
Croatia,2022-05-13,70,79,82.88,81.67,54.59
Croatia,2022-05-13,80,,65.57,64.26,41.7
Croatia,2022-05-20,10,14,4.39,3.74,0.06
Croatia,2022-05-20,15,17,21.49,19.44,0.73
Croatia,2022-05-20,18,24,49.15,46.46,5.76
Croatia,2022-05-20,25,49,61.16,58.6,13.94
Croatia,2022-05-20,5,9,0.41,0.31,0.0
Croatia,2022-05-20,50,59,73.65,71.62,27.49
Croatia,2022-05-20,60,69,80.92,79.44,43.55
Croatia,2022-05-20,70,79,82.88,81.68,54.64
Croatia,2022-05-20,80,,65.57,64.26,41.78
Croatia,2022-05-27,10,14,4.39,3.75,0.06
Croatia,2022-05-27,15,17,21.51,19.45,0.73
Croatia,2022-05-27,18,24,49.16,46.48,5.78
Croatia,2022-05-27,25,49,61.17,58.61,13.98
Croatia,2022-05-27,5,9,0.41,0.31,0.0
Croatia,2022-05-27,50,59,73.66,71.63,27.51
Croatia,2022-05-27,60,69,80.92,79.44,43.58
Croatia,2022-05-27,70,79,82.89,81.68,54.68
Croatia,2022-05-27,80,,65.57,64.26,41.85
Croatia,2022-06-03,10,14,4.39,3.75,0.06
Croatia,2022-06-03,15,17,21.52,19.46,0.74
Croatia,2022-06-03,18,24,49.17,46.49,5.8
Croatia,2022-06-03,25,49,61.18,58.62,14.01
Croatia,2022-06-03,5,9,0.41,0.31,0.0
Croatia,2022-06-03,50,59,73.66,71.63,27.54
Croatia,2022-06-03,60,69,80.93,79.45,43.6
Croatia,2022-06-03,70,79,82.89,81.68,54.7
Croatia,2022-06-03,80,,65.57,64.27,41.88
Croatia,2022-06-10,10,14,4.4,3.76,0.06
Croatia,2022-06-10,15,17,21.52,19.47,0.74
Croatia,2022-06-10,18,24,49.18,46.5,5.82
Croatia,2022-06-10,25,49,61.18,58.63,14.03
Croatia,2022-06-10,5,9,0.41,0.31,0.0
Croatia,2022-06-10,50,59,73.66,71.64,27.56
Croatia,2022-06-10,60,69,80.93,79.45,43.62
Croatia,2022-06-10,70,79,82.89,81.69,54.74
Croatia,2022-06-10,80,,65.58,64.27,41.94
Croatia,2022-06-17,10,14,4.4,3.76,0.06
Croatia,2022-06-17,15,17,21.53,19.49,0.75
Croatia,2022-06-17,18,24,49.19,46.51,5.83
Croatia,2022-06-17,25,49,61.19,58.64,14.06
Croatia,2022-06-17,5,9,0.41,0.31,0.0
Croatia,2022-06-17,50,59,73.67,71.64,27.57
Croatia,2022-06-17,60,69,80.93,79.45,43.63
Croatia,2022-06-17,70,79,82.89,81.69,54.76
Croatia,2022-06-17,80,,65.58,64.27,41.97
Croatia,2022-06-24,10,14,4.41,3.77,0.06
Croatia,2022-06-24,15,17,21.54,19.5,0.75
Croatia,2022-06-24,18,24,49.2,46.52,5.85
Croatia,2022-06-24,25,49,61.2,58.64,14.07
Croatia,2022-06-24,5,9,0.41,0.31,0.0
Croatia,2022-06-24,50,59,73.67,71.64,27.58
Croatia,2022-06-24,60,69,80.93,79.45,43.65
Croatia,2022-06-24,70,79,82.89,81.69,54.77
Croatia,2022-06-24,80,,65.58,64.28,41.98
Croatia,2022-07-01,10,14,4.42,3.77,0.06
Croatia,2022-07-01,15,17,21.55,19.51,0.76
Croatia,2022-07-01,18,24,49.21,46.53,5.87
Croatia,2022-07-01,25,49,61.2,58.65,14.1
Croatia,2022-07-01,5,9,0.41,0.32,0.0
Croatia,2022-07-01,50,59,73.67,71.65,27.62
Croatia,2022-07-01,60,69,80.93,79.46,43.67
Croatia,2022-07-01,70,79,82.89,81.69,54.8
Croatia,2022-07-01,80,,65.58,64.28,42.02
Croatia,2022-07-08,10,14,4.42,3.78,0.06
Croatia,2022-07-08,15,17,21.55,19.52,0.77
Croatia,2022-07-08,18,24,49.22,46.55,5.9
Croatia,2022-07-08,25,49,61.21,58.66,14.13
Croatia,2022-07-08,5,9,0.42,0.32,0.0
Croatia,2022-07-08,50,59,73.67,71.65,27.64
Croatia,2022-07-08,60,69,80.93,79.46,43.69
Croatia,2022-07-08,70,79,82.9,81.69,54.82
Croatia,2022-07-08,80,,65.58,64.28,42.04
Croatia,2022-07-15,10,14,4.42,3.78,0.07
Croatia,2022-07-15,15,17,21.56,19.53,0.78
Croatia,2022-07-15,18,24,49.23,46.56,5.93
Croatia,2022-07-15,25,49,61.22,58.67,14.17
Croatia,2022-07-15,5,9,0.42,0.32,0.0
Croatia,2022-07-15,50,59,73.68,71.66,27.67
Croatia,2022-07-15,60,69,80.94,79.46,43.72
Croatia,2022-07-15,70,79,82.9,81.69,54.86
Croatia,2022-07-15,80,,65.58,64.28,42.14
Croatia,2022-07-22,10,14,4.42,3.78,0.07
Croatia,2022-07-22,15,17,21.57,19.54,0.79
Croatia,2022-07-22,18,24,49.24,46.57,5.95
Croatia,2022-07-22,25,49,61.22,58.68,14.2
Croatia,2022-07-22,5,9,0.42,0.32,0.0
Croatia,2022-07-22,50,59,73.68,71.66,27.7
Croatia,2022-07-22,60,69,80.94,79.46,43.75
Croatia,2022-07-22,70,79,82.9,81.7,54.9
Croatia,2022-07-22,80,,65.59,64.29,42.22
Croatia,2022-07-29,10,14,4.43,3.79,0.07
Croatia,2022-07-29,15,17,21.57,19.54,0.79
Croatia,2022-07-29,18,24,49.25,46.58,5.97
Croatia,2022-07-29,25,49,61.23,58.68,14.22
Croatia,2022-07-29,5,9,0.42,0.32,0.0
Croatia,2022-07-29,50,59,73.68,71.66,27.72
Croatia,2022-07-29,60,69,80.94,79.47,43.77
Croatia,2022-07-29,70,79,82.9,81.7,54.93
Croatia,2022-07-29,80,,65.59,64.29,42.26
Croatia,2022-08-05,10,14,4.43,3.79,0.07
Croatia,2022-08-05,15,17,21.57,19.56,0.8
Croatia,2022-08-05,18,24,49.25,46.59,5.99
Croatia,2022-08-05,25,49,61.23,58.69,14.24
Croatia,2022-08-05,5,9,0.42,0.32,0.0
Croatia,2022-08-05,50,59,73.69,71.67,27.74
Croatia,2022-08-05,60,69,80.94,79.47,43.79
Croatia,2022-08-05,70,79,82.9,81.7,54.96
Croatia,2022-08-05,80,,65.59,64.29,42.31
Croatia,2022-08-12,10,14,4.43,3.8,0.07
Croatia,2022-08-12,15,17,21.58,19.57,0.81
Croatia,2022-08-12,18,24,49.26,46.6,6.0
Croatia,2022-08-12,25,49,61.24,58.7,14.27
Croatia,2022-08-12,5,9,0.42,0.32,0.0
Croatia,2022-08-12,50,59,73.69,71.67,27.76
Croatia,2022-08-12,60,69,80.95,79.47,43.81
Croatia,2022-08-12,70,79,82.9,81.7,54.99
Croatia,2022-08-12,80,,65.59,64.29,42.37
Croatia,2022-08-19,10,14,4.43,3.8,0.07
Croatia,2022-08-19,15,17,21.59,19.57,0.81
Croatia,2022-08-19,18,24,49.27,46.6,6.02
Croatia,2022-08-19,25,49,61.25,58.7,14.29
Croatia,2022-08-19,5,9,0.42,0.32,0.0
Croatia,2022-08-19,50,59,73.69,71.67,27.78
Croatia,2022-08-19,60,69,80.95,79.47,43.83
Croatia,2022-08-19,70,79,82.91,81.7,55.02
Croatia,2022-08-19,80,,65.6,64.29,42.44
Croatia,2022-08-26,10,14,4.44,3.8,0.07
Croatia,2022-08-26,15,17,21.59,19.57,0.81
Croatia,2022-08-26,18,24,49.28,46.61,6.03
Croatia,2022-08-26,25,49,61.25,58.71,14.32
Croatia,2022-08-26,5,9,0.42,0.32,0.0
Croatia,2022-08-26,50,59,73.69,71.68,27.81
Croatia,2022-08-26,60,69,80.95,79.48,43.92
Croatia,2022-08-26,70,79,82.91,81.7,55.17
Croatia,2022-08-26,80,,65.6,64.3,42.58
Croatia,2022-09-02,10,14,4.44,3.81,0.07
Croatia,2022-09-02,15,17,21.6,19.58,0.82
Croatia,2022-09-02,18,24,49.28,46.62,6.06
Croatia,2022-09-02,25,49,61.26,58.72,14.35
Croatia,2022-09-02,5,9,0.42,0.32,0.0
Croatia,2022-09-02,50,59,73.7,71.68,27.86
Croatia,2022-09-02,60,69,80.95,79.48,44.0
Croatia,2022-09-02,70,79,82.91,81.71,55.3
Croatia,2022-09-02,80,,65.6,64.3,42.7
Croatia,2022-09-09,10,14,4.44,3.81,0.07
Croatia,2022-09-09,15,17,21.6,19.58,0.82
Croatia,2022-09-09,18,24,49.29,46.63,6.07
Croatia,2022-09-09,25,49,61.26,58.73,14.37
Croatia,2022-09-09,5,9,0.43,0.32,0.0
Croatia,2022-09-09,50,59,73.7,71.68,27.87
Croatia,2022-09-09,60,69,80.95,79.48,44.02
Croatia,2022-09-09,70,79,82.91,81.71,55.36
Croatia,2022-09-09,80,,65.61,64.3,42.75
Croatia,2022-09-16,10,14,4.44,3.81,0.07
Croatia,2022-09-16,15,17,21.6,19.58,0.83
Croatia,2022-09-16,18,24,49.3,46.64,6.1
Croatia,2022-09-16,25,49,61.27,58.74,14.43
Croatia,2022-09-16,5,9,0.43,0.32,0.0
Croatia,2022-09-16,50,59,73.7,71.69,27.99
Croatia,2022-09-16,60,69,80.96,79.48,44.39
Croatia,2022-09-16,70,79,82.92,81.71,56.08
Croatia,2022-09-16,80,,65.61,64.3,43.43
Croatia,2022-09-23,10,14,4.44,3.81,0.07
Croatia,2022-09-23,15,17,21.61,19.59,0.84
Croatia,2022-09-23,18,24,49.3,46.64,6.12
Croatia,2022-09-23,25,49,61.28,58.74,14.49
Croatia,2022-09-23,5,9,0.43,0.32,0.0
Croatia,2022-09-23,50,59,73.71,71.69,28.12
Croatia,2022-09-23,60,69,80.96,79.49,44.84
Croatia,2022-09-23,70,79,82.92,81.71,56.99
Croatia,2022-09-23,80,,65.62,64.31,44.25
Croatia,2022-09-30,10,14,4.44,3.81,0.08
Croatia,2022-09-30,15,17,21.61,19.59,0.85
Croatia,2022-09-30,18,24,49.31,46.65,6.14
Croatia,2022-09-30,25,49,61.28,58.75,14.54
Croatia,2022-09-30,5,9,0.43,0.32,0.0
Croatia,2022-09-30,50,59,73.71,71.7,28.25
Croatia,2022-09-30,60,69,80.97,79.49,45.24
Croatia,2022-09-30,70,79,82.93,81.72,57.82
Croatia,2022-09-30,80,,65.62,64.31,45.12
Croatia,2022-10-07,10,14,4.44,3.81,0.08
Croatia,2022-10-07,15,17,21.62,19.6,0.86
Croatia,2022-10-07,18,24,49.32,46.66,6.16
Croatia,2022-10-07,25,49,61.29,58.75,14.59
Croatia,2022-10-07,5,9,0.43,0.33,0.0
Croatia,2022-10-07,50,59,73.71,71.7,28.36
Croatia,2022-10-07,60,69,80.97,79.49,45.6
Croatia,2022-10-07,70,79,82.94,81.72,58.53
Croatia,2022-10-07,80,,65.63,64.31,45.88
Croatia,2022-10-14,10,14,4.45,3.81,0.08
Croatia,2022-10-14,15,17,21.62,19.6,0.87
Croatia,2022-10-14,18,24,49.32,46.66,6.18
Croatia,2022-10-14,25,49,61.29,58.76,14.65
Croatia,2022-10-14,5,9,0.43,0.33,0.0
Croatia,2022-10-14,50,59,73.72,71.7,28.48
Croatia,2022-10-14,60,69,80.97,79.49,45.96
Croatia,2022-10-14,70,79,82.94,81.72,59.23
Croatia,2022-10-14,80,,65.64,64.32,46.61
Croatia,2022-10-21,10,14,4.45,3.81,0.08
Croatia,2022-10-21,15,17,21.62,19.6,0.87
Croatia,2022-10-21,18,24,49.32,46.67,6.19
Croatia,2022-10-21,25,49,61.29,58.77,14.69
Croatia,2022-10-21,5,9,0.43,0.33,0.0
Croatia,2022-10-21,50,59,73.72,71.71,28.58
Croatia,2022-10-21,60,69,80.98,79.5,46.26
Croatia,2022-10-21,70,79,82.96,81.72,59.78
Croatia,2022-10-21,80,,65.66,64.32,47.14
Croatia,2022-10-28,10,14,4.45,3.82,0.08
Croatia,2022-10-28,15,17,21.62,19.61,0.87
Croatia,2022-10-28,18,24,49.33,46.67,6.2
Croatia,2022-10-28,25,49,61.3,58.77,14.73
Croatia,2022-10-28,5,9,0.43,0.33,0.0
Croatia,2022-10-28,50,59,73.72,71.71,28.66
Croatia,2022-10-28,60,69,80.99,79.5,46.49
Croatia,2022-10-28,70,79,82.97,81.73,60.21
Croatia,2022-10-28,80,,65.67,64.33,47.56
Croatia,2022-11-04,10,14,4.45,3.82,0.08
Croatia,2022-11-04,15,17,21.62,19.61,0.88
Croatia,2022-11-04,18,24,49.33,46.68,6.21
Croatia,2022-11-04,25,49,61.3,58.77,14.76
Croatia,2022-11-04,5,9,0.43,0.33,0.0
Croatia,2022-11-04,50,59,73.73,71.71,28.71
Croatia,2022-11-04,60,69,80.99,79.5,46.63
Croatia,2022-11-04,70,79,82.98,81.73,60.48
Croatia,2022-11-04,80,,65.69,64.33,47.88
Croatia,2022-11-11,10,14,4.45,3.82,0.08
Croatia,2022-11-11,15,17,21.63,19.61,0.88
Croatia,2022-11-11,18,24,49.34,46.68,6.22
Croatia,2022-11-11,25,49,61.31,58.78,14.79
Croatia,2022-11-11,5,9,0.43,0.33,0.0
Croatia,2022-11-11,50,59,73.73,71.71,28.78
Croatia,2022-11-11,60,69,81.0,79.5,46.84
Croatia,2022-11-11,70,79,82.98,81.73,60.92
Croatia,2022-11-11,80,,65.7,64.33,48.25
Croatia,2022-11-18,10,14,4.45,3.82,0.08
Croatia,2022-11-18,15,17,21.63,19.62,0.88
Croatia,2022-11-18,18,24,49.34,46.68,6.23
Croatia,2022-11-18,25,49,61.31,58.78,14.81
Croatia,2022-11-18,5,9,0.43,0.33,0.0
Croatia,2022-11-18,50,59,73.73,71.71,28.83
Croatia,2022-11-18,60,69,81.0,79.5,46.98
Croatia,2022-11-18,70,79,82.99,81.73,61.23
Croatia,2022-11-18,80,,65.71,64.34,48.53
Croatia,2022-11-25,0,4,0.0,0.0,0.0
Croatia,2022-11-25,10,14,4.45,3.82,0.08
Croatia,2022-11-25,15,17,21.63,19.62,0.89
Croatia,2022-11-25,18,24,49.35,46.69,6.24
Croatia,2022-11-25,25,49,61.31,58.78,14.84
Croatia,2022-11-25,5,9,0.43,0.33,0.0
Croatia,2022-11-25,50,59,73.74,71.72,28.88
Croatia,2022-11-25,60,69,81.0,79.51,47.12
Croatia,2022-11-25,70,79,82.99,81.73,61.54
Croatia,2022-11-25,80,,65.72,64.34,48.81
Croatia,2022-12-02,0,4,0.0,0.0,0.0
Croatia,2022-12-02,10,14,4.45,3.82,0.08
Croatia,2022-12-02,15,17,21.63,19.62,0.89
Croatia,2022-12-02,18,24,49.35,46.7,6.25
Croatia,2022-12-02,25,49,61.31,58.79,14.86
Croatia,2022-12-02,5,9,0.43,0.33,0.0
Croatia,2022-12-02,50,59,73.74,71.72,28.92
Croatia,2022-12-02,60,69,81.01,79.51,47.23
Croatia,2022-12-02,70,79,83.0,81.73,61.76
Croatia,2022-12-02,80,,65.73,64.34,49.04
Croatia,2022-12-09,0,4,0.0,0.0,0.0
Croatia,2022-12-09,10,14,4.45,3.82,0.08
Croatia,2022-12-09,15,17,21.63,19.62,0.89
Croatia,2022-12-09,18,24,49.36,46.7,6.26
Croatia,2022-12-09,25,49,61.32,58.79,14.88
Croatia,2022-12-09,5,9,0.43,0.33,0.0
Croatia,2022-12-09,50,59,73.74,71.72,28.96
Croatia,2022-12-09,60,69,81.01,79.51,47.33
Croatia,2022-12-09,70,79,83.0,81.73,61.97
Croatia,2022-12-09,80,,65.74,64.35,49.21
Croatia,2022-12-16,0,4,0.0,0.0,0.0
Croatia,2022-12-16,10,14,4.45,3.82,0.08
Croatia,2022-12-16,15,17,21.63,19.62,0.9
Croatia,2022-12-16,18,24,49.36,46.7,6.27
Croatia,2022-12-16,25,49,61.32,58.79,14.89
Croatia,2022-12-16,5,9,0.43,0.33,0.0
Croatia,2022-12-16,50,59,73.74,71.72,28.99
Croatia,2022-12-16,60,69,81.01,79.51,47.4
Croatia,2022-12-16,70,79,83.0,81.73,62.11
Croatia,2022-12-16,80,,65.74,64.35,49.34
Croatia,2022-12-23,0,4,0.0,0.0,0.0
Croatia,2022-12-23,10,14,4.45,3.82,0.08
Croatia,2022-12-23,15,17,21.63,19.62,0.9
Croatia,2022-12-23,18,24,49.36,46.71,6.27
Croatia,2022-12-23,25,49,61.32,58.8,14.91
Croatia,2022-12-23,5,9,0.43,0.33,0.0
Croatia,2022-12-23,50,59,73.74,71.72,29.01
Croatia,2022-12-23,60,69,81.01,79.51,47.46
Croatia,2022-12-23,70,79,83.0,81.73,62.21
Croatia,2022-12-23,80,,65.74,64.35,49.44
Croatia,2022-12-30,0,4,0.0,0.0,0.0
Croatia,2022-12-30,10,14,4.45,3.82,0.08
Croatia,2022-12-30,15,17,21.63,19.62,0.9
Croatia,2022-12-30,18,24,49.36,46.71,6.28
Croatia,2022-12-30,25,49,61.32,58.8,14.92
Croatia,2022-12-30,5,9,0.43,0.33,0.0
Croatia,2022-12-30,50,59,73.74,71.72,29.03
Croatia,2022-12-30,60,69,81.01,79.51,47.5
Croatia,2022-12-30,70,79,83.0,81.73,62.28
Croatia,2022-12-30,80,,65.74,64.35,49.5
Croatia,2023-01-06,0,4,0.0,0.0,0.0
Croatia,2023-01-06,10,14,4.45,3.82,0.09
Croatia,2023-01-06,15,17,21.63,19.62,0.91
Croatia,2023-01-06,18,24,49.36,46.71,6.29
Croatia,2023-01-06,25,49,61.32,58.8,14.93
Croatia,2023-01-06,5,9,0.43,0.33,0.0
Croatia,2023-01-06,50,59,73.74,71.72,29.05
Croatia,2023-01-06,60,69,81.01,79.51,47.54
Croatia,2023-01-06,70,79,83.0,81.73,62.36
Croatia,2023-01-06,80,,65.74,64.35,49.56
Croatia,2023-01-13,0,4,0.0,0.0,0.0
Croatia,2023-01-13,10,14,4.45,3.83,0.09
Croatia,2023-01-13,15,17,21.63,19.62,0.91
Croatia,2023-01-13,18,24,49.37,46.71,6.3
Croatia,2023-01-13,25,49,61.33,58.8,14.95
Croatia,2023-01-13,5,9,0.43,0.33,0.0
Croatia,2023-01-13,50,59,73.74,71.73,29.08
Croatia,2023-01-13,60,69,81.01,79.51,47.62
Croatia,2023-01-13,70,79,83.01,81.74,62.51
Croatia,2023-01-13,80,,65.75,64.35,49.66
Croatia,2023-01-20,0,4,0.0,0.0,0.0
Croatia,2023-01-20,10,14,4.45,3.83,0.09
Croatia,2023-01-20,15,17,21.63,19.62,0.91
Croatia,2023-01-20,18,24,49.37,46.72,6.31
Croatia,2023-01-20,25,49,61.33,58.81,14.96
Croatia,2023-01-20,5,9,0.43,0.33,0.0
Croatia,2023-01-20,50,59,73.75,71.73,29.1
Croatia,2023-01-20,60,69,81.02,79.51,47.66
Croatia,2023-01-20,70,79,83.01,81.74,62.58
Croatia,2023-01-20,80,,65.75,64.35,49.72
Croatia,2023-01-27,0,4,0.0,0.0,0.0
Croatia,2023-01-27,10,14,4.45,3.83,0.09
Croatia,2023-01-27,15,17,21.63,19.63,0.91
Croatia,2023-01-27,18,24,49.38,46.72,6.31
Croatia,2023-01-27,25,49,61.33,58.81,14.97
Croatia,2023-01-27,5,9,0.43,0.33,0.0
Croatia,2023-01-27,50,59,73.75,71.73,29.12
Croatia,2023-01-27,60,69,81.02,79.51,47.68
Croatia,2023-01-27,70,79,83.01,81.74,62.63
Croatia,2023-01-27,80,,65.75,64.35,49.75
Croatia,2023-02-03,0,4,0.0,0.0,0.0
Croatia,2023-02-03,10,14,4.45,3.83,0.09
Croatia,2023-02-03,15,17,21.63,19.63,0.91
Croatia,2023-02-03,18,24,49.38,46.73,6.32
Croatia,2023-02-03,25,49,61.33,58.81,14.98
Croatia,2023-02-03,5,9,0.43,0.33,0.0
Croatia,2023-02-03,50,59,73.75,71.73,29.12
Croatia,2023-02-03,60,69,81.02,79.51,47.7
Croatia,2023-02-03,70,79,83.01,81.74,62.65
Croatia,2023-02-03,80,,65.75,64.35,49.78
Croatia,2023-02-10,0,4,0.0,0.0,0.0
Croatia,2023-02-10,10,14,4.45,3.83,0.09
Croatia,2023-02-10,15,17,21.63,19.63,0.91
Croatia,2023-02-10,18,24,49.38,46.73,6.32
Croatia,2023-02-10,25,49,61.33,58.81,14.99
Croatia,2023-02-10,5,9,0.43,0.33,0.0
Croatia,2023-02-10,50,59,73.75,71.73,29.13
Croatia,2023-02-10,60,69,81.02,79.52,47.7
Croatia,2023-02-10,70,79,83.01,81.74,62.67
Croatia,2023-02-10,80,,65.75,64.35,49.79
Croatia,2023-02-17,0,4,0.0,0.0,0.0
Croatia,2023-02-17,10,14,4.45,3.83,0.09
Croatia,2023-02-17,15,17,21.63,19.63,0.91
Croatia,2023-02-17,18,24,49.39,46.73,6.32
Croatia,2023-02-17,25,49,61.34,58.82,14.99
Croatia,2023-02-17,5,9,0.43,0.33,0.0
Croatia,2023-02-17,50,59,73.75,71.73,29.13
Croatia,2023-02-17,60,69,81.02,79.52,47.71
Croatia,2023-02-17,70,79,83.01,81.74,62.68
Croatia,2023-02-17,80,,65.75,64.35,49.81
Croatia,2023-02-24,0,4,0.0,0.0,0.0
Croatia,2023-02-24,10,14,4.45,3.83,0.09
Croatia,2023-02-24,15,17,21.64,19.63,0.91
Croatia,2023-02-24,18,24,49.39,46.73,6.32
Croatia,2023-02-24,25,49,61.34,58.82,14.99
Croatia,2023-02-24,5,9,0.43,0.33,0.0
Croatia,2023-02-24,50,59,73.75,71.73,29.14
Croatia,2023-02-24,60,69,81.02,79.52,47.72
Croatia,2023-02-24,70,79,83.01,81.74,62.69
Croatia,2023-02-24,80,,65.75,64.35,49.82
Croatia,2023-03-03,0,4,0.0,0.0,0.0
Croatia,2023-03-03,10,14,4.45,3.83,0.09
Croatia,2023-03-03,15,17,21.64,19.63,0.91
Croatia,2023-03-03,18,24,49.39,46.74,6.32
Croatia,2023-03-03,25,49,61.34,58.82,15.0
Croatia,2023-03-03,5,9,0.43,0.33,0.0
Croatia,2023-03-03,50,59,73.75,71.73,29.14
Croatia,2023-03-03,60,69,81.02,79.52,47.72
Croatia,2023-03-03,70,79,83.01,81.74,62.7
Croatia,2023-03-03,80,,65.75,64.35,49.83
Croatia,2023-03-10,0,4,0.0,0.0,0.0
Croatia,2023-03-10,10,14,4.45,3.83,0.09
Croatia,2023-03-10,15,17,21.64,19.63,0.91
Croatia,2023-03-10,18,24,49.39,46.74,6.33
Croatia,2023-03-10,25,49,61.34,58.82,15.0
Croatia,2023-03-10,5,9,0.43,0.33,0.0
Croatia,2023-03-10,50,59,73.75,71.73,29.14
Croatia,2023-03-10,60,69,81.02,79.52,47.72
Croatia,2023-03-10,70,79,83.01,81.74,62.7
Croatia,2023-03-10,80,,65.75,64.35,49.83
Croatia,2023-03-17,0,4,0.0,0.0,0.0
Croatia,2023-03-17,10,14,4.46,3.83,0.09
Croatia,2023-03-17,15,17,21.64,19.63,0.91
Croatia,2023-03-17,18,24,49.4,46.74,6.33
Croatia,2023-03-17,25,49,61.34,58.82,15.01
Croatia,2023-03-17,5,9,0.43,0.33,0.0
Croatia,2023-03-17,50,59,73.75,71.73,29.14
Croatia,2023-03-17,60,69,81.02,79.52,47.73
Croatia,2023-03-17,70,79,83.01,81.74,62.71
Croatia,2023-03-17,80,,65.76,64.35,49.84
Croatia,2023-03-24,0,4,0.0,0.0,0.0
Croatia,2023-03-24,10,14,4.46,3.83,0.09
Croatia,2023-03-24,15,17,21.64,19.63,0.92
Croatia,2023-03-24,18,24,49.4,46.74,6.33
Croatia,2023-03-24,25,49,61.34,58.82,15.01
Croatia,2023-03-24,5,9,0.43,0.33,0.0
Croatia,2023-03-24,50,59,73.75,71.73,29.15
Croatia,2023-03-24,60,69,81.02,79.52,47.73
Croatia,2023-03-24,70,79,83.01,81.74,62.71
Croatia,2023-03-24,80,,65.76,64.35,49.84
Croatia,2023-03-31,0,4,0.0,0.0,0.0
Croatia,2023-03-31,10,14,4.46,3.83,0.09
Croatia,2023-03-31,15,17,21.64,19.63,0.92
Croatia,2023-03-31,18,24,49.4,46.75,6.33
Croatia,2023-03-31,25,49,61.34,58.83,15.01
Croatia,2023-03-31,5,9,0.43,0.33,0.0
Croatia,2023-03-31,50,59,73.75,71.73,29.15
Croatia,2023-03-31,60,69,81.02,79.52,47.73
Croatia,2023-03-31,70,79,83.01,81.74,62.71
Croatia,2023-03-31,80,,65.76,64.35,49.84
Croatia,2023-04-07,0,4,0.0,0.0,0.0
Croatia,2023-04-07,10,14,4.46,3.83,0.09
Croatia,2023-04-07,15,17,21.64,19.63,0.92
Croatia,2023-04-07,18,24,49.4,46.75,6.33
Croatia,2023-04-07,25,49,61.34,58.83,15.01
Croatia,2023-04-07,5,9,0.43,0.33,0.0
Croatia,2023-04-07,50,59,73.75,71.73,29.15
Croatia,2023-04-07,60,69,81.02,79.52,47.73
Croatia,2023-04-07,70,79,83.01,81.74,62.71
Croatia,2023-04-07,80,,65.76,64.35,49.84
Croatia,2023-04-14,0,4,0.0,0.0,0.0
Croatia,2023-04-14,10,14,4.46,3.83,0.09
Croatia,2023-04-14,15,17,21.64,19.63,0.92
Croatia,2023-04-14,18,24,49.4,46.75,6.33
Croatia,2023-04-14,25,49,61.34,58.83,15.02
Croatia,2023-04-14,5,9,0.43,0.33,0.0
Croatia,2023-04-14,50,59,73.75,71.73,29.15
Croatia,2023-04-14,60,69,81.02,79.52,47.73
Croatia,2023-04-14,70,79,83.01,81.74,62.71
Croatia,2023-04-14,80,,65.76,64.35,49.84
Croatia,2023-04-21,0,4,0.0,0.0,0.0
Croatia,2023-04-21,10,14,4.46,3.83,0.09
Croatia,2023-04-21,15,17,21.64,19.63,0.92
Croatia,2023-04-21,18,24,49.41,46.75,6.33
Croatia,2023-04-21,25,49,61.35,58.83,15.02
Croatia,2023-04-21,5,9,0.43,0.33,0.0
Croatia,2023-04-21,50,59,73.75,71.73,29.15
Croatia,2023-04-21,60,69,81.02,79.52,47.73
Croatia,2023-04-21,70,79,83.01,81.74,62.72
Croatia,2023-04-21,80,,65.76,64.35,49.84
Croatia,2023-04-28,0,4,0.0,0.0,0.0
Croatia,2023-04-28,10,14,4.46,3.83,0.09
Croatia,2023-04-28,15,17,21.64,19.63,0.92
Croatia,2023-04-28,18,24,49.41,46.76,6.34
Croatia,2023-04-28,25,49,61.35,58.83,15.02
Croatia,2023-04-28,5,9,0.43,0.33,0.0
Croatia,2023-04-28,50,59,73.75,71.73,29.15
Croatia,2023-04-28,60,69,81.02,79.52,47.73
Croatia,2023-04-28,70,79,83.01,81.74,62.72
Croatia,2023-04-28,80,,65.76,64.35,49.85
Croatia,2023-05-05,0,4,0.0,0.0,0.0
Croatia,2023-05-05,10,14,4.46,3.83,0.09
Croatia,2023-05-05,15,17,21.64,19.63,0.92
Croatia,2023-05-05,18,24,49.41,46.76,6.34
Croatia,2023-05-05,25,49,61.35,58.83,15.02
Croatia,2023-05-05,5,9,0.43,0.33,0.0
Croatia,2023-05-05,50,59,73.75,71.74,29.15
Croatia,2023-05-05,60,69,81.02,79.52,47.74
Croatia,2023-05-05,70,79,83.01,81.74,62.72
Croatia,2023-05-05,80,,65.76,64.35,49.85
Croatia,2023-05-12,0,4,0.0,0.0,0.0
Croatia,2023-05-12,10,14,4.46,3.83,0.09
Croatia,2023-05-12,15,17,21.64,19.63,0.92
Croatia,2023-05-12,18,24,49.41,46.76,6.34
Croatia,2023-05-12,25,49,61.35,58.83,15.02
Croatia,2023-05-12,5,9,0.43,0.33,0.0
Croatia,2023-05-12,50,59,73.75,71.74,29.15
Croatia,2023-05-12,60,69,81.02,79.52,47.74
Croatia,2023-05-12,70,79,83.01,81.74,62.72
Croatia,2023-05-12,80,,65.76,64.35,49.85
Croatia,2023-05-19,0,4,0.0,0.0,0.0
Croatia,2023-05-19,10,14,4.46,3.83,0.09
Croatia,2023-05-19,15,17,21.64,19.63,0.92
Croatia,2023-05-19,18,24,49.41,46.76,6.34
Croatia,2023-05-19,25,49,61.35,58.83,15.02
Croatia,2023-05-19,5,9,0.43,0.33,0.0
Croatia,2023-05-19,50,59,73.75,71.74,29.15
Croatia,2023-05-19,60,69,81.02,79.52,47.74
Croatia,2023-05-19,70,79,83.01,81.74,62.72
Croatia,2023-05-19,80,,65.76,64.35,49.85
Croatia,2023-05-26,0,4,0.0,0.0,0.0
Croatia,2023-05-26,10,14,4.46,3.83,0.09
Croatia,2023-05-26,15,17,21.64,19.64,0.92
Croatia,2023-05-26,18,24,49.41,46.76,6.34
Croatia,2023-05-26,25,49,61.35,58.83,15.02
Croatia,2023-05-26,5,9,0.43,0.33,0.0
Croatia,2023-05-26,50,59,73.75,71.74,29.16
Croatia,2023-05-26,60,69,81.02,79.52,47.74
Croatia,2023-05-26,70,79,83.01,81.74,62.72
Croatia,2023-05-26,80,,65.76,64.35,49.85
Croatia,2023-06-02,0,4,0.0,0.0,0.0
Croatia,2023-06-02,10,14,4.46,3.83,0.09
Croatia,2023-06-02,15,17,21.64,19.64,0.92
Croatia,2023-06-02,18,24,49.41,46.76,6.34
Croatia,2023-06-02,25,49,61.35,58.83,15.02
Croatia,2023-06-02,5,9,0.43,0.33,0.0
Croatia,2023-06-02,50,59,73.75,71.74,29.16
Croatia,2023-06-02,60,69,81.02,79.52,47.74
Croatia,2023-06-02,70,79,83.01,81.74,62.72
Croatia,2023-06-02,80,,65.76,64.35,49.85
Croatia,2023-06-09,0,4,0.0,0.0,0.0
Croatia,2023-06-09,10,14,4.46,3.83,0.09
Croatia,2023-06-09,15,17,21.64,19.64,0.92
Croatia,2023-06-09,18,24,49.41,46.76,6.34
Croatia,2023-06-09,25,49,61.35,58.83,15.02
Croatia,2023-06-09,5,9,0.43,0.33,0.0
Croatia,2023-06-09,50,59,73.75,71.74,29.16
Croatia,2023-06-09,60,69,81.02,79.52,47.74
Croatia,2023-06-09,70,79,83.01,81.74,62.72
Croatia,2023-06-09,80,,65.76,64.35,49.85
Croatia,2023-06-16,0,4,0.0,0.0,0.0
Croatia,2023-06-16,10,14,4.46,3.83,0.09
Croatia,2023-06-16,15,17,21.64,19.64,0.92
Croatia,2023-06-16,18,24,49.41,46.76,6.34
Croatia,2023-06-16,25,49,61.35,58.83,15.02
Croatia,2023-06-16,5,9,0.43,0.33,0.0
Croatia,2023-06-16,50,59,73.75,71.74,29.16
Croatia,2023-06-16,60,69,81.02,79.52,47.74
Croatia,2023-06-16,70,79,83.01,81.74,62.72
Croatia,2023-06-16,80,,65.76,64.35,49.85
Croatia,2023-06-23,0,4,0.0,0.0,0.0
Croatia,2023-06-23,10,14,4.46,3.83,0.09
Croatia,2023-06-23,15,17,21.64,19.64,0.92
Croatia,2023-06-23,18,24,49.41,46.76,6.34
Croatia,2023-06-23,25,49,61.35,58.83,15.02
Croatia,2023-06-23,5,9,0.43,0.33,0.0
Croatia,2023-06-23,50,59,73.75,71.74,29.16
Croatia,2023-06-23,60,69,81.02,79.52,47.74
Croatia,2023-06-23,70,79,83.01,81.74,62.72
Croatia,2023-06-23,80,,65.76,64.35,49.85
Croatia,2023-06-30,0,4,0.0,0.0,0.0
Croatia,2023-06-30,10,14,4.46,3.83,0.09
Croatia,2023-06-30,15,17,21.64,19.64,0.92
Croatia,2023-06-30,18,24,49.41,46.76,6.34
Croatia,2023-06-30,25,49,61.35,58.83,15.02
Croatia,2023-06-30,5,9,0.43,0.33,0.0
Croatia,2023-06-30,50,59,73.75,71.74,29.16
Croatia,2023-06-30,60,69,81.02,79.52,47.74
Croatia,2023-06-30,70,79,83.01,81.74,62.72
Croatia,2023-06-30,80,,65.76,64.35,49.85
Croatia,2023-07-07,0,4,0.0,0.0,0.0
Croatia,2023-07-07,10,14,4.46,3.83,0.09
Croatia,2023-07-07,15,17,21.64,19.64,0.92
Croatia,2023-07-07,18,24,49.41,46.76,6.34
Croatia,2023-07-07,25,49,61.35,58.83,15.02
Croatia,2023-07-07,5,9,0.43,0.33,0.0
Croatia,2023-07-07,50,59,73.75,71.74,29.16
Croatia,2023-07-07,60,69,81.02,79.52,47.74
Croatia,2023-07-07,70,79,83.01,81.74,62.72
Croatia,2023-07-07,80,,65.76,64.35,49.85
Croatia,2023-07-14,0,4,0.0,0.0,0.0
Croatia,2023-07-14,10,14,4.46,3.83,0.09
Croatia,2023-07-14,15,17,21.64,19.64,0.92
Croatia,2023-07-14,18,24,49.41,46.76,6.34
Croatia,2023-07-14,25,49,61.35,58.83,15.02
Croatia,2023-07-14,5,9,0.43,0.33,0.0
Croatia,2023-07-14,50,59,73.75,71.74,29.16
Croatia,2023-07-14,60,69,81.02,79.52,47.74
Croatia,2023-07-14,70,79,83.01,81.74,62.72
Croatia,2023-07-14,80,,65.76,64.35,49.85
Croatia,2023-07-21,0,4,0.0,0.0,0.0
Croatia,2023-07-21,10,14,4.46,3.83,0.09
Croatia,2023-07-21,15,17,21.64,19.64,0.92
Croatia,2023-07-21,18,24,49.41,46.76,6.34
Croatia,2023-07-21,25,49,61.35,58.83,15.02
Croatia,2023-07-21,5,9,0.43,0.33,0.0
Croatia,2023-07-21,50,59,73.75,71.74,29.16
Croatia,2023-07-21,60,69,81.02,79.52,47.74
Croatia,2023-07-21,70,79,83.01,81.74,62.72
Croatia,2023-07-21,80,,65.76,64.35,49.85
